subject,anon_id
NB_subject_103,subj_0001
NB_subject_106,subj_0002
NB_subject_112,subj_0003
NB_subject_115,subj_0004
NB_subject_134,subj_0005
NB_subject_145,subj_0006
NB_subject_158,subj_0007
NB_subject_165,subj_0008
NB_subject_167,subj_0009
NB_subject_213,subj_0010
NB_subject_216,subj_0011
NB_subject_217,subj_0012
NB_subject_218,subj_0013
NB_subject_221,subj_0014
NB_subject_224,subj_0015
NB_subject_226,subj_0016
NB_subject_227,subj_0017
NB_subject_231,subj_0018
NB_subject_234,subj_0019
NB_subject_236,subj_0020
NB_subject_238,subj_0021
NB_subject_239,subj_0022
NB_subject_241,subj_0023
NB_subject_273,subj_0024
NB_subject_316,subj_0025
NB_subject_320,subj_0026
NB_subject_325,subj_0027
NB_subject_327,subj_0028
NB_subject_328,subj_0029
NB_subject_329,subj_0030
NB_subject_330,subj_0031
NB_subject_332,subj_0032
NB_subject_333,subj_0033
NB_subject_334,subj_0034
NB_subject_336,subj_0035
NB_subject_337,subj_0036
NB_subject_338,subj_0037
NB_subject_339,subj_0038
NB_subject_340,subj_0039
NB_subject_342,subj_0040
NB_subject_343,subj_0041
NB_subject_345,subj_0042
NB_subject_76,subj_0043
NB_subject_77,subj_0044
NB_subject_93,subj_0045
